id_new,probability,classification
a00020460,0.7145687346665648,1
a00020461,0.5447224491128081,1
a00020462,0.005339099701892172,0
a00020463,0.7107911485384701,1
a00020464,0.6766840312293269,1
a00020465,0.6397983364305406,1
a00020466,0.7015709888224828,1
a00020467,0.6613004909185382,1
a00020468,0.4747379951365028,0
a00020469,0.0,0
a00020470,0.0,0
a00020471,0.63711741056094,1
a00020472,0.0,0
a00020473,0.6456484276573015,1
a00020474,0.7038122678420501,1
a00020475,0.7211154949350553,1
a00020476,0.5695871132388155,1
a00020477,0.6112754292031025,1
a00020478,0.049429293911299424,0
a00020479,0.614205227452866,1
a00020480,0.30794694361032954,0
a00020481,0.04875325786065038,0
a00020482,0.6630357522547405,1
a00020483,0.6220291832552407,1
a00020484,0.2724843178177395,0
a00020485,0.29415249046641007,0
a00020486,0.11090973745192066,0
a00020487,0.0006421269059294205,0
a00020488,0.6718564827242668,1
a00020489,0.49352691737754684,0
a00020490,0.6560118005011222,1
a00020491,0.5852464753670702,1
a00020492,0.0005482981726551927,0
a00020493,0.0010128296242841637,0
a00020494,0.6830556812679014,1
a00020495,0.6378850730847098,1
a00020496,0.7114700087900657,1
a00020497,0.0,0
a00020498,0.02299767434281325,0
a00020499,0.44181223637505185,0
a00020500,0.6902302175713686,1
a00020501,0.7166582267535414,1
a00020502,0.2120743898098184,0
a00020503,0.6708281546280834,1
a00020504,0.705972147975515,1
a00020505,0.006110544621893726,0
a00020506,0.0,0
a00020507,0.6411469539621875,1
a00020508,0.6246144017911628,1
a00020509,0.0052675646159446666,0
a00020510,0.13236695332296455,0
a00020511,0.5773917035644263,1
a00020512,0.6453035682013912,1
a00020513,0.0012605479437403982,0
a00020514,0.24862572079004808,0
a00020515,0.01892115313663951,0
a00020516,0.1752220988213741,0
a00020517,0.6586626483171103,1
a00020518,0.017925090768362587,0
a00020519,0.6999871356279941,1
a00020520,0.0035270576008971442,0
a00020521,0.6706399017538337,1
a00020522,0.0,0
a00020523,0.695388572534358,1
a00020524,0.6653788173563443,1
a00020525,0.023850478097972822,0
a00020526,0.0,0
a00020527,0.024962181801577388,0
a00020528,0.0,0
a00020529,0.45327708272622785,0
a00020530,0.46440649479683815,0
a00020531,0.0,0
a00020532,0.015806470179322792,0
a00020533,0.01,0
a00020534,0.472261013906047,0
a00020535,0.6622254810676276,1
a00020536,0.6631028886469404,1
a00020537,0.15547291547858744,0
a00020538,0.0,0
a00020539,0.6046902657201401,1
a00020540,0.6187957493963204,1
a00020541,0.6595131400931337,1
a00020542,0.6966711653992312,1
a00020543,0.036051400170772546,0
a00020544,0.5590178093420267,1
a00020545,0.675743225780813,1
a00020546,0.006344470673325209,0
a00020547,0.4392428183094886,0
a00020548,0.0045928847046190335,0
a00020549,0.6525126345998666,1
a00020550,4.210409925743194e-05,0
a00020551,0.6426838252475082,1
a00020552,0.0504824697551755,0
a00020553,0.7096216881378657,1
a00020554,0.0,0
a00020555,0.658854022904556,1
a00020556,0.7114244685065974,1
a00020557,0.060128033379182905,0
a00020558,0.658839202264484,1
a00020559,0.7087320074729735,1
a00020560,0.4710479729418608,0
a00020561,0.0,0
a00020562,0.008697655780404729,0
a00020563,0.2602826812140428,0
a00020564,0.0,0
a00020565,0.6524150358756161,1
a00020566,0.655487386137661,1
a00020567,4.210409925743194e-05,0
a00020568,0.4514227875868509,0
a00020569,0.004259640859581984,0
a00020570,0.25939379249721867,0
a00020571,0.0,0
a00020572,0.4820855796807427,0
a00020573,0.6598755223651606,1
a00020574,0.5860919740807826,1
a00020575,0.5940598831062489,1
a00020576,0.15807029649231968,0
a00020577,0.19181604538786734,0
a00020578,0.5939770353790464,1
a00020579,0.7227824497759541,1
a00020580,0.0006669691508616995,0
a00020581,0.0007531097656182245,0
a00020582,0.00028143127349110136,0
a00020583,0.0,0
a00020584,0.41098775281453526,0
a00020585,0.17386824214923569,0
a00020586,0.549890398980343,1
a00020587,0.0,0
a00020588,0.7123477705419344,1
a00020589,0.6639418669284971,1
a00020590,0.0,0
a00020591,0.011047819693331329,0
a00020592,0.6653219264808231,1
a00020593,0.11472918460596071,0
a00020594,0.09884517941849498,0
a00020595,0.5503102504200673,1
a00020596,0.5835666586198244,1
a00020597,0.2060972724872923,0
a00020598,0.6844475657035786,1
a00020599,0.6899917525961092,1
a00020600,0.6209883491604249,1
a00020601,0.6338691118322135,1
a00020602,0.44325270208752626,0
a00020603,0.5377038354362138,1
a00020604,0.5967703351960489,1
a00020605,0.001842202707857269,0
a00020606,0.6389772320906949,1
a00020607,0.0,0
a00020608,0.70971202864189,1
a00020609,0.6642615209998728,1
a00020610,0.03161431453056157,0
a00020611,0.7108897216178096,1
a00020612,0.0015652582455818887,0
a00020613,0.4461786303022426,0
a00020614,0.0,0
a00020615,0.6963304166307108,1
a00020616,0.555567353859613,1
a00020617,0.006779558714962825,0
a00020618,0.2983894224769101,0
a00020619,0.003993763584852536,0
a00020620,0.4609617925512485,0
a00020621,0.7082966527278143,1
a00020622,0.6104416406521397,1
a00020623,0.2949389105841429,0
a00020624,0.5720316145441374,1
a00020625,0.615899539276646,1
a00020626,0.2991485665829981,0
a00020627,0.0,0
a00020628,0.0020083860759863223,0
a00020629,0.5334897938111385,1
a00020630,0.5231813097496915,1
a00020631,0.702215941799321,1
a00020632,0.0011972509873206024,0
a00020633,0.4661432890295243,0
a00020634,0.5810825816184432,1
a00020635,0.7268370365283642,1
a00020636,0.25034401101514175,0
a00020637,0.6995105509943474,1
a00020638,0.636106242307871,1
a00020639,0.6844369887556419,1
a00020640,0.00028143127349110136,0
a00020641,0.3686476850341604,0
a00020642,0.0,0
a00020643,0.015066248031424017,0
a00020644,0.40514343657848334,0
a00020645,0.6562602413060052,1
a00020646,0.6849622683300691,1
a00020647,0.004838251274763855,0
a00020648,0.41751711046353884,0
a00020649,0.6698878575624874,1
a00020650,0.0,0
a00020651,0.6151322662560158,1
a00020652,0.539859143983468,1
a00020653,0.3425572842205306,0
a00020654,0.6147561046096128,1
a00020655,0.6819606089903112,1
a00020656,0.10737831605296595,0
a00020657,0.6406105564601021,1
a00020658,0.676448565500432,1
a00020659,0.0,0
a00020660,0.002839059481089026,0
a00020661,0.615572020674705,1
a00020662,0.6775164336781245,1
a00020663,0.3052780832109325,0
a00020664,0.0,0
a00020665,0.0054286535466764796,0
a00020666,0.5634103696464673,1
a00020667,0.05910522311717575,0
a00020668,0.024916634015292614,0
a00020669,0.6984573152421709,1
a00020670,0.695106626895261,1
a00020671,0.0,0
a00020672,0.004445626500302882,0
a00020673,0.0013297449002222822,0
a00020674,0.6937638388779583,1
a00020675,0.1063085909698689,0
a00020676,0.18390587989240134,0
a00020677,0.6302281768089019,1
a00020678,0.4195066083460384,0
a00020679,0.671200283814511,1
a00020680,0.410755179223763,0
a00020681,0.005765472422552192,0
a00020682,0.657418307286719,1
a00020683,0.6133619845900905,1
a00020684,0.61436049393287,1
a00020685,0.5629377401618082,1
a00020686,0.2176813481967224,0
a00020687,0.651988896662751,1
a00020688,0.6415864639664928,1
a00020689,0.6614395486374565,1
a00020690,0.6556734926510559,1
a00020691,0.01,0
a00020692,0.623088643197623,1
a00020693,0.001860570750412387,0
a00020694,0.24449555637363335,0
a00020695,0.47590285892022055,0
a00020696,0.5856213700259815,1
a00020697,0.4669436312131051,0
a00020698,0.5820850712607115,1
a00020699,0.5735622972376312,1
a00020700,0.0,0
a00020701,0.0,0
a00020702,0.6672754377652701,1
a00020703,0.5474527603773606,1
a00020704,0.7295788461821465,1
a00020705,0.0,0
a00020706,0.7072866295330473,1
a00020707,0.6045414493845565,1
a00020708,0.7142194163471117,1
a00020709,0.6112192909194367,1
a00020710,0.0005202219727006338,0
a00020711,0.6875565146899103,1
a00020712,0.0,0
a00020713,0.6504475079137186,1
a00020714,0.5535458588048117,1
a00020715,0.6547296490854323,1
a00020716,0.006900333810205055,0
a00020717,0.643391713754985,1
a00020718,0.6685971020359254,1
a00020719,0.60666099304119,1
a00020720,0.5556483361915522,1
a00020721,0.6782637334015014,1
a00020722,0.021644122358241865,0
a00020723,0.5871061697509148,1
a00020724,0.35812682354382985,0
a00020725,0.002042633209195893,0
a00020726,0.0002387906992095324,0
a00020727,0.4061598811408303,0
a00020728,0.6384253959695925,1
a00020729,0.6345799005917407,1
a00020730,0.5387378212410898,1
a00020731,0.6159262494216288,1
a00020732,0.002825379781093053,0
a00020733,0.6150736169855636,1
a00020734,0.22570051277134492,0
a00020735,0.5870823320477168,1
a00020736,0.0,0
a00020737,0.6649097005623302,1
a00020738,0.0,0
a00020739,0.0006421269059294205,0
a00020740,0.6631154854289979,1
a00020741,0.16388020281866603,0
a00020742,0.0,0
a00020743,0.6220522217792344,1
a00020744,0.08486511501423007,0
a00020745,0.5373233383438745,1
a00020746,0.13080993535717725,0
a00020747,0.5191206727246841,1
a00020748,0.0018848689816134642,0
a00020749,0.002005182981671475,0
a00020750,0.697515241712996,1
a00020751,0.05730079073024983,0
a00020752,0.5465423565058807,1
a00020753,0.0,0
a00020754,0.46407546297821645,0
a00020755,0.6725802890529424,1
a00020756,0.6306702302566014,1
a00020757,0.703796528312149,1
a00020758,0.009074497582351331,0
a00020759,0.6608194538830149,1
a00020760,0.5886148590000505,1
a00020761,0.6850502664361287,1
a00020762,0.15742555457691526,0
a00020763,0.6343765926851911,1
a00020764,0.697342630240283,1
a00020765,0.6277821114021754,1
a00020766,0.0070739094655080815,0
a00020767,0.7002824849466937,1
a00020768,0.7103139997567564,1
a00020769,0.6523694174677818,1
a00020770,0.6695194434325096,1
a00020771,0.6735512424613265,1
a00020772,0.4769251639234705,0
a00020773,0.626340084893285,1
a00020774,0.6884704121493103,1
a00020775,0.7258852509456695,1
a00020776,0.0,0
a00020777,0.6229169525713041,1
a00020778,0.4356919925987446,0
a00020779,0.6438699925116537,1
a00020780,0.0,0
a00020781,0.4302077567833502,0
a00020782,0.7004759782397102,1
a00020783,0.6883020201544159,1
a00020784,0.6700356475445899,1
a00020785,0.699753292131866,1
a00020786,0.0,0
a00020787,0.6979457439344418,1
a00020788,0.0068177271021041255,0
a00020789,0.7364223938748645,1
a00020790,0.6845044033915897,1
a00020791,0.628547589149873,1
a00020792,0.679258623610139,1
a00020793,0.5242412494955274,1
a00020794,0.6417285430692374,1
a00020795,0.0,0
a00020796,0.7189793044181845,1
a00020797,0.28940524619951674,0
a00020798,0.0,0
a00020799,0.4431242076744582,0
a00020800,0.0,0
a00020801,0.6295325303583883,1
a00020802,0.5571035173220903,1
a00020803,0.577887493123698,1
a00020804,0.0,0
a00020805,0.0,0
a00020806,0.611041791854193,1
a00020807,0.13250236330535922,0
a00020808,0.7210210514254178,1
a00020809,0.6428594732555691,1
a00020810,0.6780344459646441,1
a00020811,0.22393493195766948,0
a00020812,0.0,0
a00020813,0.5902933383826041,1
a00020814,0.4079163190956755,0
a00020815,0.5637872686686958,1
a00020816,0.6134040825104466,1
a00020817,0.6292360916094278,1
a00020818,0.706784568617397,1
a00020819,0.00041053139274264456,0
a00020820,0.6738066098234112,1
a00020821,0.6881289169466618,1
a00020822,0.6088819000233229,1
a00020823,0.0,0
a00020824,0.6291531664776953,1
a00020825,0.485131152791476,0
a00020826,0.002839059481089026,0
a00020827,0.3494261253054375,0
a00020828,0.15483395376085807,0
a00020829,0.011904549294934246,0
a00020830,0.1763800530275246,0
a00020831,0.6223589534535255,1
a00020832,0.0,0
a00020833,0.0,0
a00020834,0.5075224709209519,1
a00020835,0.0012605479437403982,0
a00020836,0.025707543621838812,0
a00020837,0.01516080740676521,0
a00020838,0.007480795583297699,0
a00020839,0.07881549623189271,0
a00020840,0.6289761449402588,1
a00020841,0.0,0
a00020842,0.14247293173788483,0
a00020843,0.0025567440733653933,0
a00020844,0.6182614051591492,1
a00020845,0.607979851731918,1
a00020846,0.0,0
a00020847,0.6760873206285989,1
a00020848,0.6181527951981913,1
a00020849,0.44411849692136124,0
a00020850,0.6346491752121947,1
a00020851,0.5858904305852706,1
a00020852,0.043494360112096446,0
a00020853,0.6143617575475034,1
a00020854,0.426162926348581,0
a00020855,0.4674868210109857,0
a00020856,0.7187266336012401,1
a00020857,0.0020754446356855997,0
a00020858,0.32955981359654773,0
a00020859,0.003006357581316484,0
a00020860,0.6797212110585774,1
a00020861,0.45704399949786284,0
a00020862,0.29225228944672726,0
a00020863,0.6411928263829971,1
a00020864,0.08647395449293833,0
a00020865,0.6633805284560225,1
a00020866,0.6431103514567176,1
a00020867,0.3912757175079533,0
a00020868,0.6780442141622279,1
a00020869,0.015974401321222128,0
a00020870,0.4820619890785317,0
a00020871,0.030183973492929422,0
a00020872,0.6485856052820926,1
a00020873,0.6541814079164316,1
a00020874,0.6390835442348017,1
a00020875,0.0065640555175053685,0
a00020876,0.6536003835025319,1
a00020877,0.6558990884073731,1
a00020878,0.1114036115646755,0
a00020879,0.4555065745157959,0
a00020880,0.0,0
a00020881,0.5899673165219262,1
a00020882,0.0010880688160442428,0
a00020883,0.6373562954668154,1
a00020884,0.48769588329556607,0
a00020885,0.0024748888341457383,0
a00020886,0.1263844286323293,0
a00020887,0.4148426208644927,0
a00020888,0.7314149327630365,1
a00020889,0.7151892670839569,1
a00020890,0.653162899585599,1
a00020891,0.6476452329906911,1
a00020892,0.40527471487111505,0
a00020893,0.21161947887012209,0
a00020894,0.5372560042975171,1
a00020895,0.01,0
a00020896,0.6974563839073727,1
a00020897,0.03657757427038527,0
a00020898,0.5801356786196559,1
a00020899,0.45822699413950696,0
a00020900,0.6977890788206446,1
a00020901,0.6938896425645069,1
a00020902,0.6454324726863859,1
a00020903,0.6435546934117532,1
a00020904,0.1656883969698952,0
a00020905,0.0,0
a00020906,0.7154941987395744,1
a00020907,0.21550512309606515,0
a00020908,0.5705230363891343,1
a00020909,0.0,0
a00020910,0.6936493839672297,1
a00020911,0.0017455491599757953,0
a00020912,0.30796865873770884,0
a00020913,0.7344743395060371,1
a00020914,0.6471050658878936,1
a00020915,0.0,0
a00020916,4.210409925743194e-05,0
a00020917,0.0020044250048978814,0
a00020918,0.0010758683454549563,0
a00020919,0.06094378491488846,0
a00020920,0.3988069318142319,0
a00020921,0.0,0
a00020922,0.640167935395087,1
a00020923,0.6614680650925322,1
a00020924,0.017560401322293365,0
a00020925,0.7216320123577475,1
a00020926,0.5867272571619645,1
a00020927,0.7203292070952122,1
a00020928,0.6271877268481705,1
a00020929,0.73232175803773,1
a00020930,0.0,0
a00020931,0.0,0
a00020932,0.6815838957412851,1
a00020933,0.664726504687042,1
a00020934,0.5704361977498189,1
a00020935,0.6139571347899142,1
a00020936,0.6427272099248923,1
a00020937,0.6097545613518005,1
a00020938,0.6444616541983405,1
a00020939,0.008327395303452596,0
a00020940,0.01219106073939292,0
a00020941,0.6453380661887897,1
a00020942,0.7232507751484178,1
a00020943,0.561135264944528,1
a00020944,0.012680177278735421,0
a00020945,0.14317247665894917,0
a00020946,0.23218063437885392,0
a00020947,0.626955316079113,1
a00020948,0.701118052994936,1
a00020949,0.0,0
a00020950,0.43006605616001553,0
a00020951,0.6239043881234552,1
a00020952,0.009321061109282132,0
a00020953,0.6275522332329042,1
a00020954,0.7015651281494593,1
a00020955,0.0,0
a00020956,0.6793999226331515,1
a00020957,0.0,0
a00020958,0.0007531097656182245,0
a00020959,0.5616591569864525,1
a00020960,0.6304135419208132,1
a00020961,0.028042404786911446,0
a00020962,0.4346709417590269,0
a00020963,0.6982740514277229,1
a00020964,0.00668509047058557,0
a00020965,0.6360917218372146,1
a00020966,0.6824408014678974,1
a00020967,0.0,0
a00020968,0.11946833415110486,0
a00020969,0.5668080109918034,1
a00020970,0.7138766742669767,1
a00020971,0.6827075981623575,1
a00020972,0.5276783361355811,1
a00020973,0.7117272053586055,1
a00020974,0.04974880943114678,0
a00020975,0.620389316978033,1
a00020976,0.6733319968306714,1
a00020977,0.7051011551882911,1
a00020978,0.033702443895075464,0
a00020979,0.3466995924578078,0
a00020980,0.5695256199936489,1
a00020981,0.0007297220935502935,0
a00020982,0.6787064566313554,1
a00020983,0.5778899407944256,1
a00020984,0.6987325190736807,1
a00020985,0.7496026388382093,1
a00020986,0.1747363085663818,0
a00020987,0.6993801281357943,1
a00020988,0.6842499232933454,1
a00020989,0.7306037934620582,1
a00020990,0.6775422050676895,1
a00020991,0.5991439347298853,1
a00020992,0.0020727833450535434,0
a00020993,0.0,0
a00020994,0.0012197012773816462,0
a00020995,0.0,0
a00020996,0.39788531050395826,0
a00020997,0.11676734094585083,0
a00020998,0.0017910447265194298,0
a00020999,0.6321090213638045,1
a00021000,0.0,0
a00021001,0.008764874616255495,0
a00021002,0.009844009684920784,0
a00021003,0.515015391755006,1
a00021004,0.7047252738946413,1
a00021005,0.0,0
a00021006,0.3468182192983255,0
a00021007,0.054427327976416945,0
a00021008,0.27086834889387773,0
a00021009,0.5180225960051783,1
a00021010,0.6221602589259835,1
a00021011,0.6943133421431383,1
a00021012,0.0021588370384605874,0
a00021013,0.6973005277241132,1
a00021014,0.12422761338484785,0
a00021015,0.0006421269059294205,0
a00021016,0.6593170771954453,1
a00021017,0.5643130498674812,1
a00021018,0.648901099751364,1
a00021019,0.5641206755067942,1
a00021020,0.5742901428343468,1
a00021021,0.22055556088649464,0
a00021022,0.620395406983183,1
a00021023,0.009392575347111782,0
a00021024,0.4627578038409182,0
a00021025,0.008990369680024852,0
a00021026,0.002358104018252082,0
a00021027,0.005089406343692704,0
a00021028,0.5047229982223826,1
a00021029,0.6555449868390834,1
a00021030,0.6211697207345503,1
a00021031,0.6363895368653083,1
a00021032,0.5488846443206049,1
a00021033,0.174114800083342,0
a00021034,0.6393626029794883,1
a00021035,0.7218101835575996,1
a00021036,0.7136454047141625,1
a00021037,0.6686396402654847,1
a00021038,0.2971259962713233,0
a00021039,0.3089816598444357,0
a00021040,0.3993077190629336,0
a00021041,0.36994621870995986,0
a00021042,0.4256841617637274,0
a00021043,0.6391241554253172,1
a00021044,0.012842742597160785,0
a00021045,0.1879904576790107,0
a00021046,0.005460718765367163,0
a00021047,0.12689192730183196,0
a00021048,9.40392014141628e-05,0
a00021049,0.550178795839842,1
a00021050,0.00029014276547962745,0
a00021051,0.6780479213782368,1
a00021052,0.5464984445862173,1
a00021053,0.49167292230109183,0
a00021054,0.0,0
a00021055,4.210409925743194e-05,0
a00021056,0.001283186625936509,0
a00021057,0.5674668780881225,1
a00021058,0.59769567083533,1
a00021059,0.7096330100569915,1
a00021060,0.20798080605066754,0
a00021061,0.7253241347415829,1
a00021062,0.12027111690726491,0
a00021063,0.6467517846773484,1
a00021064,0.3402288307994288,0
a00021065,0.6353758119021033,1
a00021066,0.2396467158384048,0
a00021067,0.3888678352083602,0
a00021068,0.017135841539134278,0
a00021069,0.61007069992603,1
a00021070,0.24085618774602832,0
a00021071,0.011422867649123862,0
a00021072,0.5200286802920933,1
a00021073,0.675063539413149,1
a00021074,0.5855428202082367,1
a00021075,0.00013614330067159475,0
a00021076,0.6590095875843704,1
a00021077,0.39231382542645027,0
a00021078,0.6547548565633927,1
a00021079,0.6872818487658896,1
a00021080,0.665046211113318,1
a00021081,0.4958218199888592,0
a00021082,0.27307225551066144,0
a00021083,0.6535375900754967,1
a00021084,0.5580019388113228,1
a00021085,0.06487487534418104,0
a00021086,0.030815421175994312,0
a00021087,0.7006834469858246,1
a00021088,0.0012961550389781436,0
a00021089,0.5769181507173482,1
a00021090,0.2623757245380919,0
a00021091,0.004710286458333333,0
a00021092,0.4832331615389061,0
a00021093,0.6848882799457465,1
a00021094,0.0013695000895353443,0
a00021095,0.0,0
a00021096,0.01304422923865024,0
a00021097,0.6685729625998582,1
a00021098,0.0,0
a00021099,0.6761961148416651,1
a00021100,0.7140971555763127,1
a00021101,0.6265830586713245,1
a00021102,0.6913617660271378,1
a00021103,0.6966482134866699,1
a00021104,0.012874735131427183,0
a00021105,0.5703335827552657,1
a00021106,0.671120837490815,1
a00021107,0.0016935029595958454,0
a00021108,0.5753615826766031,1
a00021109,0.0,0
a00021110,0.6417190214161215,1
a00021111,0.7122399313460422,1
a00021112,0.624689789398701,1
a00021113,0.6541449065872007,1
a00021114,0.6511472151203208,1
a00021115,0.6447410769107355,1
a00021116,0.5047607071675081,1
a00021117,0.18348367632428303,0
a00021118,0.7081640526278877,1
a00021119,0.43172623139062105,0
a00021120,0.04119039034678057,0
a00021121,0.6297698959850195,1
a00021122,0.09462828208926467,0
a00021123,0.18515933747407037,0
a00021124,0.1926843369631361,0
a00021125,0.23436458007481473,0
a00021126,0.6212058767343538,1
a00021127,0.0,0
a00021128,0.6773807940507851,1
a00021129,0.6830798158112492,1
a00021130,9.40392014141628e-05,0
a00021131,0.6310818633530658,1
a00021132,0.6791471686601105,1
a00021133,0.0,0
a00021134,0.05938355758820148,0
a00021135,0.12101868191998,0
a00021136,0.0021366724106100556,0
a00021137,0.0,0
a00021138,0.0069943730116192185,0
a00021139,0.6324525503936872,1
a00021140,0.6198737051280886,1
a00021141,0.45445802709605154,0
a00021142,0.4260665322197722,0
a00021143,0.0,0
a00021144,0.0013686469706657917,0
a00021145,0.6415896712463273,1
a00021146,0.0006421269059294205,0
a00021147,0.6521905336228565,1
a00021148,0.005089406343692704,0
a00021149,0.019093906514012337,0
a00021150,0.001266991957533688,0
a00021151,0.24726595067157173,0
a00021152,0.4742131985229829,0
a00021153,0.2755748796475379,0
a00021154,0.0007616992156656312,0
a00021155,0.6095160367786299,1
a00021156,0.7091810108502172,1
a00021157,0.0,0
a00021158,0.0,0
a00021159,0.0,0
a00021160,0.0,0
a00021161,0.6317434458155256,1
a00021162,0.7180963944470595,1
a00021163,0.6658518671888981,1
a00021164,0.46208407014359315,0
a00021165,0.6479181826471183,1
a00021166,0.6838656718000149,1
a00021167,0.2202100169642712,0
a00021168,0.5582487460837889,1
a00021169,0.01,0
a00021170,0.6948944825689719,1
a00021171,0.7030640211873788,1
a00021172,0.6258992301876486,1
a00021173,0.004319183510311473,0
a00021174,0.6209079721183574,1
a00021175,0.5041116703250178,1
a00021176,0.6382115056251895,1
a00021177,0.14489415083554694,0
a00021178,0.6608453500284874,1
a00021179,0.420306133943675,0
a00021180,0.554063487760021,1
a00021181,0.7094963582240286,1
a00021182,0.36026528737385616,0
a00021183,0.6355587715323202,1
a00021184,0.6845221103304833,1
a00021185,0.7157152749325644,1
a00021186,0.0,0
a00021187,0.41111065791338186,0
a00021188,0.6363107717679223,1
a00021189,0.006084819704398189,0
a00021190,0.6599178119559358,1
a00021191,0.06180329370076116,0
a00021192,0.4083245234577004,0
a00021193,0.5604137920230903,1
a00021194,0.0020044250048978814,0
a00021195,0.17108197868320826,0
a00021196,0.7005377871949606,1
a00021197,0.061509562403624596,0
a00021198,0.6824781132178631,1
a00021199,0.0,0
a00021200,0.3619330340399054,0
a00021201,0.6645067168109654,1
a00021202,0.0045937863915245245,0
a00021203,0.0059050408851690946,0
a00021204,0.18264046238352372,0
a00021205,0.1870429052540688,0
a00021206,0.6640597007401401,1
a00021207,0.001370524215730146,0
a00021208,0.14731340813951327,0
a00021209,0.0023690190960262984,0
a00021210,0.7336474720479158,1
a00021211,0.10076635212593364,0
a00021212,0.022825155207456604,0
a00021213,0.6633177033277802,1
a00021214,0.282045175808806,0
a00021215,0.3827818930230121,0
a00021216,0.6952522498190629,1
a00021217,0.004916634015292611,0
a00021218,0.6559365481510437,1
a00021219,0.694497722373025,1
a00021220,0.622838295414769,1
a00021221,0.01797886753506865,0
a00021222,0.6497926600536161,1
a00021223,0.4280917273284172,0
a00021224,0.40566925078297716,0
a00021225,0.2448138589222858,0
a00021226,0.6000370543982223,1
a00021227,0.5791660421728209,1
a00021228,0.6443059308604439,1
a00021229,0.687608105503343,1
a00021230,0.002881163580346458,0
a00021231,0.6878406852692903,1
a00021232,0.6656189153136296,1
a00021233,0.0006482535630644022,0
a00021234,0.6380168019192113,1
a00021235,0.5949696091873627,1
a00021236,0.4658828278741951,0
a00021237,0.6883536479250242,1
a00021238,0.47312289031528915,0
a00021239,0.6777095125491965,1
a00021240,0.516810947077528,1
a00021241,0.7124112476645394,1
a00021242,0.5420574675375422,1
a00021243,0.13340749175535835,0
a00021244,0.6016800712915491,1
a00021245,0.6520855650011711,1
a00021246,0.521596345041276,1
a00021247,0.41357613548334937,0
a00021248,0.7371664405525923,1
a00021249,0.6447645994418957,1
a00021250,0.6738899217349563,1
a00021251,0.0011972509873206024,0
a00021252,0.004706295435085525,0
a00021253,0.676480266250338,1
a00021254,0.6353661424439336,1
a00021255,0.0041744187607100315,0
a00021256,0.4766784060602308,0
a00021257,0.23337533651732262,0
a00021258,0.7065375110586413,1
a00021259,0.6400266938194704,1
a00021260,0.6248497441305054,1
a00021261,0.30357107111819276,0
a00021262,0.00028143127349110136,0
a00021263,0.0,0
a00021264,0.6828422460762907,1
a00021265,0.6811711167860186,1
a00021266,0.5749194629944211,1
a00021267,0.6376565852607955,1
a00021268,0.6341706311290131,1
a00021269,0.5744197915956689,1
a00021270,0.6860935988280853,1
a00021271,0.043448451773212556,0
a00021272,0.03256268828684384,0
a00021273,0.31023308590223936,0
a00021274,0.0,0
a00021275,0.6517111900374808,1
a00021276,0.0018848689816134642,0
a00021277,0.035915433291486554,0
a00021278,0.5971628971464269,1
a00021279,0.7123004677425733,1
a00021280,0.500461706553279,1
a00021281,0.6930585602165471,1
a00021282,0.0018941280746957512,0
a00021283,0.009058083273626632,0
a00021284,0.0,0
a00021285,0.4406135881442727,0
a00021286,0.0011972509873206024,0
a00021287,0.6974206810065151,1
a00021288,0.4892385775513409,0
a00021289,0.4690015992808354,0
a00021290,0.635811353125574,1
a00021291,0.6328948090909629,1
a00021292,0.06181497051928967,0
a00021293,0.3797195303441001,0
a00021294,0.6673468131020971,1
a00021295,0.6654450730764304,1
a00021296,0.5734445726723333,1
a00021297,0.23412759813796946,0
a00021298,0.5995502905742316,1
a00021299,0.2193667737461907,0
a00021300,0.48064476068774425,0
a00021301,0.6558816082251211,1
a00021302,0.3528400475855495,0
a00021303,0.0006482535630644022,0
a00021304,0.6267891634012818,1
a00021305,0.6421872012099026,1
a00021306,0.4238945419848353,0
a00021307,0.6568528906521334,1
a00021308,0.5829595047273538,1
a00021309,0.4951818836046122,0
a00021310,0.7040734147229945,1
a00021311,0.6680197947776092,1
a00021312,0.0,0
a00021313,0.4115516142330465,0
a00021314,0.6522912485870203,1
a00021315,0.6201882496458051,1
a00021316,0.3373414237760144,0
a00021317,0.001734147084534868,0
a00021318,0.6266669523718291,1
a00021319,0.0,0
a00021320,0.00028143127349110136,0
a00021321,0.005270391100878653,0
a00021322,0.00013614330067159475,0
a00021323,0.013339930585303705,0
a00021324,0.6997600569208455,1
a00021325,0.6192952771541138,1
a00021326,0.0010880688160442428,0
a00021327,0.6016574032361681,1
a00021328,0.0,0
a00021329,0.7082582237815047,1
a00021330,0.6195050937063127,1
a00021331,0.005148008786010215,0
a00021332,0.006132169672996727,0
a00021333,0.1986027431656871,0
a00021334,0.6828561348186227,1
a00021335,0.006828831445478627,0
a00021336,0.48373848751075627,0
a00021337,0.5236563905855265,1
a00021338,0.0017151294862750395,0
a00021339,0.001370524215730146,0
a00021340,0.6680024041603086,1
a00021341,0.6856616474390625,1
a00021342,0.656677759326066,1
a00021343,0.6151285070714139,1
a00021344,0.7003721318274059,1
a00021345,0.7221841475827624,1
a00021346,0.0034174030545616753,0
a00021347,0.12379632618049558,0
a00021348,0.23312533008835473,0
a00021349,0.2641071877429585,0
a00021350,0.48670883926256936,0
a00021351,0.0,0
a00021352,0.0017148924968500214,0
a00021353,0.5935328050399261,1
a00021354,0.39476380062517036,0
a00021355,0.00028143127349110136,0
a00021356,0.002771837079459192,0
a00021357,0.6400050773301338,1
a00021358,0.46169850686042935,0
a00021359,0.5078797847744173,1
a00021360,0.5989919549189006,1
a00021361,0.20782741160921422,0
a00021362,0.003972095126850513,0
a00021363,0.00028143127349110136,0
a00021364,0.573171448381812,1
a00021365,0.05143465686313789,0
a00021366,0.622189886266292,1
a00021367,0.2358943112454144,0
a00021368,0.23985936073497638,0
a00021369,0.0651308366997469,0
a00021370,0.7157603601784277,1
a00021371,0.6018724067564731,1
a00021372,0.5387403144484416,1
a00021373,0.5229461275113833,1
a00021374,0.6392969350217563,1
a00021375,0.001860570750412387,0
a00021376,0.6982653570247127,1
a00021377,0.0021406128857629613,0
a00021378,0.0,0
a00021379,0.0007297220935502935,0
a00021380,0.5706655245435125,1
a00021381,0.6961352158826685,1
a00021382,0.15684888666898406,0
a00021383,0.2501525974756751,0
a00021384,0.529445709720857,1
a00021385,0.0032455497898873646,0
a00021386,0.6982474214796167,1
a00021387,0.66483218989268,1
a00021388,0.0,0
a00021389,0.3529416411826199,0
a00021390,0.5848309334623508,1
a00021391,0.012585471752222552,0
a00021392,0.6860798857329666,1
a00021393,0.5807624662174335,1
a00021394,0.7174731909964521,1
a00021395,0.6296683631343601,1
a00021396,0.038564682765637584,0
a00021397,0.5777506767017718,1
a00021398,0.3748708773836772,0
a00021399,0.5968298464829345,1
a00021400,0.729350668429789,1
a00021401,0.0,0
a00021402,0.6569113283437688,1
a00021403,0.0,0
a00021404,0.6331110989262212,1
a00021405,0.7167802681167239,1
a00021406,0.6262243114877074,1
a00021407,0.6217908581516653,1
a00021408,0.6208438088811101,1
a00021409,0.7112755545854289,1
a00021410,0.6534887357806742,1
a00021411,0.0,0
a00021412,0.6536040082984955,1
a00021413,0.7045590483748392,1
a00021414,0.6792028835165488,1
a00021415,0.7151788211522211,1
a00021416,0.6041889974627116,1
a00021417,0.649082708233688,1
a00021418,0.0013297449002222822,0
a00021419,0.7062584612562349,1
a00021420,0.41243389712654244,0
a00021421,0.6959754014649115,1
a00021422,0.43924446636195363,0
a00021423,0.002816047744734266,0
a00021424,0.31501494833468796,0
a00021425,0.16625248763421388,0
a00021426,0.2019818717457345,0
a00021427,0.6733934092511826,1
a00021428,0.16607348695985188,0
a00021429,0.540926732487693,1
a00021430,0.43739824835037644,0
a00021431,0.010538080503507796,0
a00021432,0.0010890929422390444,0
a00021433,0.0035270576008971442,0
a00021434,0.3796942765091117,0
a00021435,0.0,0
a00021436,0.0,0
a00021437,0.5062896311953965,1
a00021438,0.0033455654217522885,0
a00021439,0.44018607225009887,0
a00021440,0.6692961158161738,1
a00021441,0.6104928125895117,1
a00021442,0.04505200683247133,0
a00021443,0.0,0
a00021444,0.48766648846406485,0
a00021445,0.0045753175720574715,0
a00021446,0.6820819799856408,1
a00021447,0.6368434018386263,1
a00021448,4.210409925743194e-05,0
a00021449,0.7027271958550153,1
a00021450,0.59678077387279,1
a00021451,0.651017982251042,1
a00021452,0.11666329548297857,0
a00021453,0.5117595902790201,1
a00021454,0.6945057130543715,1
a00021455,0.002466790153011635,0
a00021456,0.5412292414234015,1
a00021457,0.3369697437846343,0
a00021458,0.5611442080741972,1
a00021459,0.6883235211088803,1
a00021460,0.7188391910983792,1
a00021461,0.05600303530886364,0
a00021462,0.6863387311216279,1
a00021463,0.6484561800716351,1
a00021464,0.0,0
a00021465,0.44797133940153455,0
a00021466,0.278652817087802,0
a00021467,0.6214484901030884,1
a00021468,0.0,0
a00021469,0.07204778927119893,0
a00021470,0.0,0
a00021471,0.39840239620029616,0
a00021472,0.001995811043211552,0
a00021473,0.6260654724151167,1
a00021474,0.0,0
a00021475,0.649367381101671,1
a00021476,0.479230192528413,0
a00021477,0.6420725161847737,1
a00021478,0.6354793619518168,1
a00021479,0.16095886425042644,0
a00021480,0.2703362293782442,0
a00021481,0.0010890929422390444,0
a00021482,0.002413180297799134,0
a00021483,0.6614340527606022,1
a00021484,0.5874755258572537,1
a00021485,0.6590500145404377,1
a00021486,0.15412314524663936,0
a00021487,0.0,0
a00021488,0.22368157937966324,0
a00021489,0.731201709646536,1
a00021490,0.3559029224035611,0
a00021491,0.6883848257050521,1
a00021492,0.0005202219727006338,0
a00021493,0.6998928313608118,1
a00021494,0.2838093988771796,0
a00021495,0.7318004848016154,1
a00021496,0.6463227793620681,1
a00021497,0.0,0
a00021498,0.009517582286300423,0
a00021499,0.707038411948128,1
a00021500,0.5772054428541251,1
a00021501,0.0,0
a00021502,0.0039518249846119445,0
a00021503,0.7054090751651486,1
a00021504,4.210409925743194e-05,0
a00021505,0.4530501480946098,0
a00021506,0.6030381187336319,1
a00021507,0.6527701641229868,1
a00021508,0.0,0
a00021509,0.6715810825165132,1
a00021510,0.0005935787928786988,0
a00021511,0.7110567089272426,1
a00021512,0.6496789277115924,1
a00021513,0.7332308743505775,1
a00021514,0.42453439329134923,0
a00021515,0.6644238833076129,1
a00021516,0.4439382040829721,0
a00021517,0.0,0
a00021518,0.000938270003890545,0
a00021519,0.5936145777362174,1
a00021520,0.01221354240140689,0
a00021521,0.45200298828424557,0
a00021522,0.0,0
a00021523,0.6445061398625117,1
a00021524,0.6235226653645436,1
a00021525,0.03265582668212828,0
a00021526,0.4481259115023581,0
a00021527,0.23902519130326583,0
a00021528,0.6484021095050102,1
a00021529,0.39719684957512896,0
a00021530,0.0010890929422390444,0
a00021531,0.003481186387018446,0
a00021532,0.47664462571420285,0
a00021533,0.6187651522989673,1
a00021534,0.49096958497998067,0
a00021535,0.0012184438444829665,0
a00021536,0.46725373827396155,0
a00021537,0.6830812077028335,1
a00021538,0.0,0
a00021539,0.6560562104424256,1
a00021540,0.6907423341282112,1
a00021541,0.04105869793489315,0
a00021542,0.039232829078966386,0
a00021543,0.3812885171664835,0
a00021544,0.7057386439243315,1
a00021545,0.705449718306791,1
a00021546,0.40629080012308577,0
a00021547,0.09319221801906569,0
a00021548,0.5271393518406956,1
a00021549,0.6573128776210183,1
a00021550,0.6832523226478915,1
a00021551,0.5575134264607581,1
a00021552,0.0,0
a00021553,0.6272452016118276,1
a00021554,0.6084021054589034,1
a00021555,0.6249030792118581,1
a00021556,0.0036738320920785376,0
a00021557,0.6623887338035555,1
a00021558,0.6094361968240856,1
a00021559,0.00028143127349110136,0
a00021560,0.5929612194576185,1
a00021561,0.43258350645175403,0
a00021562,0.5812518149526198,1
a00021563,0.005088584605337431,0
a00021564,0.33632784104408003,0
a00021565,0.6221788400333863,1
a00021566,0.4572819044453038,0
a00021567,0.01210069761884905,0
a00021568,0.5856981936530822,1
a00021569,0.6491323828229831,1
a00021570,0.6724654606204622,1
a00021571,0.6688226452564898,1
a00021572,0.6863440876599387,1
a00021573,0.4652031795905709,0
a00021574,0.020973168283901004,0
a00021575,0.6802095669633696,1
a00021576,0.6789886978736994,1
a00021577,0.6746376049830064,1
a00021578,0.7084675869934358,1
a00021579,0.6095745016131476,1
a00021580,0.6698650216887029,1
a00021581,0.42583546854144033,0
a00021582,0.6572798873050505,1
a00021583,0.5131463700207667,1
a00021584,0.6086769369172695,1
a00021585,0.003771319606549268,0
a00021586,0.6755806531881015,1
a00021587,0.41635152916014617,0
a00021588,0.638152925129472,1
a00021589,0.0,0
a00021590,0.32729042121105456,0
a00021591,0.27613913262949835,0
a00021592,0.6951900527592414,1
a00021593,0.0,0
a00021594,0.0,0
a00021595,0.5802110177054116,1
a00021596,0.5982697706482507,1
a00021597,0.6260231572753916,1
a00021598,0.44050962751115236,0
a00021599,0.0,0
a00021600,0.6597076323133397,1
a00021601,0.6330906610308413,1
a00021602,0.64248728222756,1
a00021603,0.4813655592107169,0
a00021604,0.6064214290961935,1
a00021605,0.5548070036502352,1
a00021606,0.2152382485837764,0
a00021607,0.6761433133911138,1
a00021608,0.2549945616332281,0
a00021609,0.5697623149268345,1
a00021610,0.0018281862859490308,0
a00021611,0.6681339776308991,1
a00021612,0.6622276131061402,1
a00021613,0.0013297449002222822,0
a00021614,0.33459367816302255,0
a00021615,0.6618706482022771,1
a00021616,0.0012605479437403982,0
a00021617,0.6785702915662583,1
a00021618,0.6631854591804536,1
a00021619,0.6813099167721597,1
a00021620,0.2593754553696817,0
a00021621,0.16145929396139144,0
a00021622,0.04846607061160044,0
a00021623,0.29221085034600847,0
a00021624,0.01638736729184285,0
a00021625,0.0,0
a00021626,0.0027041185093706894,0
a00021627,0.005089406343692704,0
a00021628,0.20658115660905282,0
a00021629,0.21627020954456364,0
a00021630,0.003800314439265767,0
a00021631,0.0030633251523875023,0
a00021632,0.2356806360991021,0
a00021633,0.6772148884956506,1
a00021634,0.0,0
a00021635,0.6382983301674725,1
a00021636,0.5967014608644271,1
a00021637,0.4939664549084245,0
a00021638,0.6674090481695181,1
a00021639,0.7452399824973832,1
a00021640,0.0029064021909072746,0
a00021641,0.658203814488846,1
a00021642,0.2743177082636161,0
a00021643,0.21868586301185847,0
a00021644,0.15014335713548083,0
a00021645,0.6520370224268816,1
a00021646,0.5646178172582729,1
a00021647,0.479925174288871,0
a00021648,0.6644648125068298,1
a00021649,0.6395647647703241,1
a00021650,0.0018427648823560322,0
a00021651,0.0015727214622258668,0
a00021652,0.38353393344912007,0
a00021653,0.6612058983066827,1
a00021654,0.0,0
a00021655,0.6570738553800459,1
a00021656,0.012542919726556039,0
a00021657,0.671156361631252,1
a00021658,0.0038310783058878722,0
a00021659,0.03204416619387948,0
a00021660,0.0,0
a00021661,0.48509351429660236,0
a00021662,0.5464058056864216,1
a00021663,0.6350470990606785,1
a00021664,0.6163782561970665,1
a00021665,0.6583292032623459,1
a00021666,0.6954134729906474,1
a00021667,0.42536997692662715,0
a00021668,0.4451616275145344,0
a00021669,0.0015096134530283283,0
a00021670,0.6992503611525897,1
a00021671,0.06748814300219677,0
a00021672,0.5293280014436686,1
a00021673,0.268789956225566,0
a00021674,0.5798582092971891,1
a00021675,0.6979443291771988,1
a00021676,0.6565425534533884,1
a00021677,0.697849562225701,1
a00021678,0.0,0
a00021679,9.40392014141628e-05,0
a00021680,0.004343080295956816,0
a00021681,0.6193548817237846,1
a00021682,0.6516449131526016,1
a00021683,0.010281431273491102,0
a00021684,0.7107957441546007,1
a00021685,0.6629206234081547,1
a00021686,0.5350549227562702,1
a00021687,0.0029390729237366246,0
a00021688,0.09839033552505581,0
a00021689,0.5540931674574638,1
a00021690,0.6276734369170163,1
a00021691,0.0038490545136619014,0
a00021692,0.5628901000011608,1
a00021693,0.005758865619475941,0
a00021694,0.5975901296475292,1
a00021695,0.36269229442104517,0
a00021696,0.005993554071421785,0
a00021697,0.1811168681983874,0
a00021698,0.0,0
a00021699,0.7102146848299309,1
a00021700,0.6930359403161732,1
a00021701,0.6745771499996878,1
a00021702,0.4317754774768132,0
a00021703,0.5823782602373473,1
a00021704,0.0,0
a00021705,0.6486185045161191,1
a00021706,0.46769854215532974,0
a00021707,0.6433961857281534,1
a00021708,0.18185031547779398,0
a00021709,0.573113234982241,1
a00021710,0.6459628758682027,1
a00021711,0.6735082952862419,1
a00021712,0.6570470798642006,1
a00021713,0.650999778858708,1
a00021714,0.5810980644721502,1
a00021715,0.343840720453932,0
a00021716,0.6435995642573229,1
a00021717,0.14867326011858756,0
a00021718,0.6730221887562962,1
a00021719,0.7237725539799625,1
a00021720,0.6887624964965601,1
a00021721,0.4603162023316716,0
a00021722,0.2934732528759061,0
a00021723,0.1091772358051209,0
a00021724,0.42154571769458465,0
a00021725,0.681804322048918,1
a00021726,0.6904303588781263,1
a00021727,0.6357844319514029,1
a00021728,0.41521373759165336,0
a00021729,0.0,0
a00021730,0.0,0
a00021731,0.04404916924762236,0
a00021732,0.3246357450232417,0
a00021733,0.002970365802012227,0
a00021734,0.7267350796132233,1
a00021735,0.6540687372546702,1
a00021736,0.4055445326696474,0
a00021737,0.0008322941670522275,0
a00021738,0.5684118117444968,1
a00021739,0.6148082450243695,1
a00021740,0.3266810685700429,0
a00021741,0.21404486772994674,0
a00021742,0.6478339743299171,1
a00021743,0.6087124894957987,1
a00021744,0.48865388815737454,0
a00021745,0.5227638101824879,1
a00021746,0.0,0
a00021747,0.0,0
a00021748,0.09401516136438945,0
a00021749,0.39342939811047123,0
a00021750,0.004670283241728974,0
a00021751,0.006153143368046743,0
a00021752,0.7031331016341675,1
a00021753,0.008576883691188364,0
a00021754,0.6181291440195413,1
a00021755,0.509461741747333,1
a00021756,0.07419569077529296,0
a00021757,0.004164410854907902,0
a00021758,0.3178723446393034,0
a00021759,0.47613657942691856,0
a00021760,0.0008497321479687745,0
a00021761,0.7084091300070046,1
a00021762,0.0,0
a00021763,0.715766338383895,1
a00021764,0.6730184255702202,1
a00021765,0.0,0
a00021766,0.687819524499154,1
a00021767,0.07650773922188556,0
a00021768,0.7260499409587853,1
a00021769,0.002501630470419476,0
a00021770,0.6012552725378694,1
a00021771,0.0,0
a00021772,0.01393044205151921,0
a00021773,0.7348112998014347,1
a00021774,0.6947831840760423,1
a00021775,0.0,0
a00021776,0.5580838318633117,1
a00021777,0.3305805730594127,0
a00021778,0.6221936564805322,1
a00021779,0.0,0
a00021780,0.640008685471309,1
a00021781,0.6356408868537645,1
a00021782,0.6930482387567802,1
a00021783,0.12869116384737736,0
a00021784,0.7093033698926,1
a00021785,0.6888841684486586,1
a00021786,0.0023798919594913075,0
a00021787,0.6468752506138857,1
a00021788,0.5215971589150614,1
a00021789,0.019790990256120633,0
a00021790,0.0017034450607183631,0
a00021791,0.3291999081299558,0
a00021792,0.007589987711834387,0
a00021793,0.5998218929483398,1
a00021794,0.6554381863354886,1
a00021795,0.48918244391562793,0
a00021796,0.1922900678176588,0
a00021797,0.6202182294170855,1
a00021798,0.004164410854907902,0
a00021799,0.7033443307167069,1
a00021800,0.5930974823283832,1
a00021801,0.6679826419146647,1
a00021802,0.6459926639461134,1
a00021803,0.5935647308048796,1
a00021804,0.6412941914989129,1
a00021805,0.006900333810205055,0
a00021806,0.7098509220933907,1
a00021807,0.001860570750412387,0
a00021808,0.4725790961029942,0
a00021809,0.6999114521486085,1
a00021810,0.004376355779144201,0
a00021811,0.1938445604422163,0
a00021812,0.013800314439265765,0
a00021813,0.0010890929422390444,0
a00021814,0.6770077219950889,1
a00021815,0.7190959578712147,1
a00021816,0.01577770665733533,0
a00021817,0.005089406343692704,0
a00021818,0.5718773258589743,1
a00021819,0.0,0
a00021820,0.1637529344330048,0
a00021821,0.5971520590849182,1
a00021822,0.6752767950893157,1
a00021823,0.00287027637433821,0
a00021824,0.5894939250606172,1
a00021825,0.5014443914654234,1
a00021826,0.015458665911343603,0
a00021827,0.03973762172317658,0
a00021828,0.308809207932992,0
a00021829,0.6327058410797677,1
a00021830,0.6825201116868156,1
a00021831,0.65569841803845,1
a00021832,0.6171811553432768,1
a00021833,0.0,0
a00021834,0.0025446784210534086,0
a00021835,0.0015652582455818887,0
a00021836,0.04029436926348888,0
a00021837,0.004343080295956816,0
a00021838,0.01,0
a00021839,0.4029586738529635,0
a00021840,0.2606777873561249,0
a00021841,0.6766570777951664,1
a00021842,0.0007552389154205477,0
a00021843,0.001100631322735225,0
a00021844,0.6439996784351019,1
a00021845,0.6689889663350916,1
a00021846,0.6225016157100541,1
a00021847,0.6710680951748518,1
a00021848,0.6577362781476208,1
a00021849,0.6636921764342261,1
a00021850,0.6235349914305739,1
a00021851,0.7009743681007627,1
a00021852,0.0017034450607183631,0
a00021853,0.013304405507483215,0
a00021854,0.7044165098376436,1
a00021855,0.6015199681096071,1
a00021856,0.5578855568715203,1
a00021857,0.6405484419030032,1
a00021858,0.3957502863115343,0
a00021859,0.004789420234027853,0
a00021860,0.21471281338191364,0
a00021861,0.49776912203157975,0
a00021862,0.004525810173360307,0
a00021863,0.505673642684419,1
a00021864,0.29077185104951203,0
a00021865,0.70654666452201,1
a00021866,0.5028147286944374,1
a00021867,0.19200792073579848,0
a00021868,0.6611632726263322,1
a00021869,0.3016566433886722,0
a00021870,0.624234525674417,1
a00021871,0.5918330340170116,1
a00021872,0.7093696792877283,1
a00021873,0.6376176385394268,1
a00021874,0.01,0
a00021875,0.12770778298070312,0
a00021876,0.5939770353790464,1
a00021877,0.6046054282944529,1
a00021878,0.651380425459246,1
a00021879,0.7097163419514103,1
a00021880,0.002572516285615143,0
a00021881,0.13313097991531936,0
a00021882,0.00028143127349110136,0
a00021883,0.005089406343692704,0
a00021884,0.4761909372575595,0
a00021885,0.6369775196429991,1
a00021886,0.49778281880886605,0
a00021887,0.47106980660226005,0
a00021888,0.022524240870237255,0
a00021889,0.0,0
a00021890,0.006506311828798579,0
a00021891,0.6176832497081981,1
a00021892,0.46135962056092233,0
a00021893,0.6668212588671133,1
a00021894,0.6162104564006756,1
a00021895,0.7061349348036886,1
a00021896,0.20030061341654967,0
a00021897,0.6478486231915872,1
a00021898,0.597387434397561,1
a00021899,0.0054633962239515575,0
a00021900,0.4761307850858993,0
a00021901,0.19867400564896687,0
a00021902,0.0016064084171628623,0
a00021903,0.5800008534047467,1
a00021904,0.7044539584416343,1
a00021905,0.0030067590906778323,0
a00021906,0.3318662746967472,0
a00021907,0.10216368447215063,0
a00021908,0.0,0
a00021909,0.652425493990526,1
a00021910,0.0,0
a00021911,0.02593316749154606,0
a00021912,0.6952824894255488,1
a00021913,0.696572672953091,1
a00021914,0.587209652965139,1
a00021915,0.03671307456884157,0
a00021916,0.637717187224517,1
a00021917,0.35879567428117093,0
a00021918,0.6311943092954746,1
a00021919,0.465945920948554,0
a00021920,0.20436186256166372,0
a00021921,0.7125608808604038,1
a00021922,0.7059498092573969,1
a00021923,0.011884868981613464,0
a00021924,0.014275249359952584,0
a00021925,0.6842832250162266,1
a00021926,0.7156596446707679,1
a00021927,0.13784743944440858,0
a00021928,0.6760125593367295,1
a00021929,0.08437423935199273,0
a00021930,0.6367766968809015,1
a00021931,0.7036035685373621,1
a00021932,0.648736627598199,1
a00021933,0.6776779872065313,1
a00021934,0.0,0
a00021935,0.7204481899062973,1
a00021936,0.5702131832200644,1
a00021937,0.5151557847796706,1
a00021938,0.7008289873405299,1
a00021939,0.5197155714218024,1
a00021940,0.0017151294862750395,0
a00021941,0.6545462883460327,1
a00021942,0.041958908512673664,0
a00021943,0.06390542170213834,0
a00021944,0.7224857594669714,1
a00021945,0.3110353443922329,0
a00021946,0.6579472008740004,1
a00021947,0.6427028549793051,1
a00021948,0.6918385342340025,1
a00021949,0.5987932494953293,1
a00021950,0.0,0
a00021951,0.2688802512390744,0
a00021952,0.6593043579835551,1
a00021953,0.6904948814718362,1
a00021954,0.5802531579699249,1
a00021955,0.523698770348798,1
a00021956,0.6768972912827743,1
a00021957,0.6833273139067813,1
a00021958,0.005089406343692704,0
a00021959,0.7084189503851939,1
a00021960,4.210409925743194e-05,0
a00021961,0.6399768506814382,1
a00021962,0.6590476918732671,1
a00021963,0.6820396025685134,1
a00021964,0.0,0
a00021965,0.05662416812607174,0
a00021966,0.23297721992798046,0
a00021967,0.19922563426865214,0
a00021968,0.7027388248116112,1
a00021969,0.6850671588528056,1
a00021970,0.01275214674405125,0
a00021971,0.6558442854947663,1
a00021972,0.35764580897402865,0
a00021973,0.6630855031116104,1
a00021974,0.007977140292311806,0
a00021975,0.30759632245457247,0
a00021976,0.0,0
a00021977,0.017045000226053084,0
a00021978,0.6126636265894136,1
a00021979,0.005244592392626455,0
a00021980,0.7242421261488171,1
a00021981,0.38908467394576596,0
a00021982,0.6527033226283387,1
a00021983,0.7098340933576947,1
a00021984,0.0,0
a00021985,0.6361989114117429,1
a00021986,0.5376961863337528,1
a00021987,0.11367152234543151,0
a00021988,0.4703128842545251,0
a00021989,0.4518737768434623,0
a00021990,0.6007193281011926,1
a00021991,0.5131410178801917,1
a00021992,0.5753625072900835,1
a00021993,0.6999276547517244,1
a00021994,0.01867550685468273,0
a00021995,0.69143324395599,1
a00021996,0.7073731680469081,1
a00021997,0.7043118228601495,1
a00021998,0.01676297763190892,0
a00021999,0.6533888752402279,1
a00022000,0.014591715638296077,0
a00022001,0.012876200679552294,0
a00022002,0.5359064040497118,1
a00022003,0.6228384320986375,1
a00022004,0.22554421699240015,0
a00022005,0.621436928429856,1
a00022006,0.7298748191057015,1
a00022007,0.6058525111151304,1
a00022008,0.6792777447497358,1
a00022009,0.04519129263273685,0
a00022010,0.6819745257845237,1
a00022011,0.0,0
a00022012,0.6320313164444928,1
a00022013,0.0,0
a00022014,0.618324640345089,1
a00022015,0.06488068739608761,0
a00022016,0.4167334472773041,0
a00022017,0.6706406854331527,1
a00022018,0.6505774545627293,1
a00022019,0.697810206505617,1
a00022020,0.7159636867064811,1
a00022021,0.5013259700037189,1
a00022022,0.6812704705139816,1
a00022023,0.0013695000895353443,0
a00022024,0.6355445584749876,1
a00022025,0.008118777654688021,0
a00022026,0.6904418902666539,1
a00022027,0.4897414362007254,0
a00022028,0.039315273139515286,0
a00022029,0.5004553430441764,1
a00022030,0.0,0
a00022031,0.6005933752571935,1
a00022032,0.19178834940034975,0
a00022033,0.6437014320304416,1
a00022034,0.0,0
a00022035,0.6113132924665543,1
a00022036,0.31532950291755346,0
a00022037,0.15582894784544965,0
a00022038,0.6810216374416015,1
a00022039,0.7264759550951873,1
a00022040,0.22171543819229048,0
a00022041,0.6965172362377875,1
a00022042,0.20404706538566209,0
a00022043,0.034932062175839926,0
a00022044,0.0022062755940833487,0
a00022045,0.4459761957834623,0
a00022046,0.6869186622351025,1
a00022047,0.01895308159712416,0
a00022048,0.6510813259557962,1
a00022049,0.6754849816570996,1
a00022050,0.09903513116123737,0
a00022051,0.6225317915023237,1
a00022052,0.6227704665075675,1
a00022053,0.691236737551352,1
a00022054,0.07055799638285488,0
a00022055,0.002957934760760771,0
a00022056,0.6044143853670435,1
a00022057,0.6626476444756036,1
a00022058,0.6937876847477856,1
a00022059,0.07958549437523145,0
a00022060,0.006007406472348698,0
a00022061,0.6359750784274322,1
a00022062,0.6941409203427455,1
a00022063,0.6806662453315017,1
a00022064,0.6217547236823973,1
a00022065,0.0,0
a00022066,0.6511990285459727,1
a00022067,0.5681725108863062,1
a00022068,0.624849590464561,1
a00022069,0.007368881174766969,0
a00022070,0.6210709408431603,1
a00022071,0.41821157313881485,0
a00022072,0.04392299578179519,0
a00022073,0.0011551468880631707,0
a00022074,0.0044754507611289565,0
a00022075,0.6367255238480395,1
a00022076,0.6884610252349488,1
a00022077,0.0028150641527183553,0
a00022078,0.6937373877827578,1
a00022079,0.624060556335422,1
a00022080,0.4860412137282122,0
a00022081,0.7001431697361405,1
a00022082,0.23884073491207425,0
a00022083,0.002862266775086834,0
a00022084,0.15605956033215343,0
a00022085,0.016510409471534534,0
a00022086,0.6822375137326518,1
a00022087,0.7100047781071082,1
a00022088,0.4218987532945532,0
a00022089,0.5919532947287495,1
a00022090,0.5044119391111472,1
a00022091,0.6061599870680198,1
a00022092,0.6794299448296282,1
a00022093,0.4381118009642327,0
a00022094,0.0011972509873206024,0
a00022095,0.5043622678530979,1
a00022096,0.0006421269059294205,0
a00022097,0.36084612848480324,0
a00022098,0.003601692037542988,0
a00022099,0.590787122866268,1
a00022100,0.6844527518349192,1
a00022101,0.0,0
a00022102,0.012760487042582187,0
a00022103,0.006736100536887762,0
a00022104,0.0053378021254571585,0
a00022105,0.004710286458333333,0
a00022106,0.6889018772628819,1
a00022107,0.1536254058689354,0
a00022108,0.7083253073861618,1
a00022109,0.26867947587171276,0
a00022110,0.42615272280513133,0
a00022111,0.5936908750584519,1
a00022112,0.005307753266783846,0
a00022113,0.6098871134474614,1
a00022114,0.5373418529467325,1
a00022115,0.002262256166498505,0
a00022116,0.060064359828114304,0
a00022117,0.6521993879560227,1
a00022118,0.29201944918916667,0
a00022119,0.5680325708239236,1
a00022120,0.45646600462078235,0
a00022121,0.013524170700319596,0
a00022122,0.15461607763908747,0
a00022123,0.6521867874251389,1
a00022124,0.6631029715871489,1
a00022125,0.0020754446356855997,0
a00022126,0.7077980831110566,1
a00022127,0.040109130638254345,0
a00022128,0.6361338519992452,1
a00022129,0.0,0
a00022130,0.5572290818187831,1
a00022131,0.0,0
a00022132,0.6571842048578433,1
a00022133,0.7087876093803216,1
a00022134,0.43167716457398714,0
a00022135,0.7075144285104658,1
a00022136,0.20898173077711252,0
a00022137,0.0,0
a00022138,0.7196625881649805,1
a00022139,0.6616154443159761,1
a00022140,0.0040785627600004835,0
a00022141,0.542439284687118,1
a00022142,0.0076300559037553485,0
a00022143,0.0,0
a00022144,0.20207531180558191,0
a00022145,0.26385787585291154,0
a00022146,0.4212674590007942,0
a00022147,0.43293015443005606,0
a00022148,0.607123224243941,1
a00022149,0.6700293949759781,1
a00022150,0.7258415311609139,1
a00022151,0.4323440403939103,0
a00022152,0.0,0
a00022153,0.6538414546361894,1
a00022154,0.20402246420569836,0
a00022155,0.6824962883357745,1
a00022156,0.676405811107249,1
a00022157,0.6260095499151662,1
a00022158,0.0035639445948909255,0
a00022159,0.6751535501246222,1
a00022160,0.6977670469370132,1
a00022161,0.092491704772178,0
a00022162,0.5727792543453392,1
a00022163,0.6264898068784135,1
a00022164,0.6275899554391556,1
a00022165,0.036803494964425545,0
a00022166,0.6767025964474515,1
a00022167,0.0002387906992095324,0
a00022168,0.0,0
a00022169,0.00028143127349110136,0
a00022170,0.6813686431399424,1
a00022171,0.7359947641478484,1
a00022172,0.2804957388009569,0
a00022173,0.00597440132122213,0
a00022174,0.18377017032521897,0
a00022175,0.6758915370231737,1
a00022176,0.41254395131953037,0
a00022177,0.4573077657417795,0
a00022178,0.006904296018437918,0
a00022179,0.0014426104025239044,0
a00022180,0.0049876084778826164,0
a00022181,0.0,0
a00022182,0.0017259644404472795,0
a00022183,0.03309054715314491,0
a00022184,0.48265585635116787,0
a00022185,0.6646746851546652,1
a00022186,0.0027156324980187187,0
a00022187,0.005244592392626455,0
a00022188,0.018327395303452596,0
a00022189,0.00023871537417352893,0
a00022190,0.6136265094106715,1
a00022191,0.21976926802136598,0
a00022192,0.0012184438444829665,0
a00022193,0.00806200188329651,0
a00022194,0.1556190340616456,0
a00022195,0.00597440132122213,0
a00022196,0.5478001014252318,1
a00022197,0.20518086186113293,0
a00022198,0.6519622765318865,1
a00022199,0.4990022431100853,0
a00022200,0.7048663551470795,1
a00022201,0.0,0
a00022202,0.692022421552129,1
a00022203,0.31727232426676494,0
a00022204,0.0,0
a00022205,0.18877562491139396,0
a00022206,0.0,0
a00022207,0.013891995017938728,0
a00022208,0.4178096096937142,0
a00022209,0.6443874637395268,1
a00022210,0.0,0
a00022211,0.29375814684308027,0
a00022212,0.6877103151911839,1
a00022213,0.01090275849074584,0
a00022214,0.6863562964781036,1
a00022215,0.0014155742516141657,0
a00022216,0.00038424864685313823,0
a00022217,0.6431105337025462,1
a00022218,0.0,0
a00022219,0.0,0
a00022220,0.5870179935573281,1
a00022221,0.6177899149660627,1
a00022222,0.0,0
a00022223,0.6681339165681607,1
a00022224,0.5789672696129986,1
a00022225,0.6586242893680117,1
a00022226,0.00028143127349110136,0
a00022227,0.016816790470165377,0
a00022228,0.6797952742007556,1
a00022229,0.5836823569291386,1
a00022230,0.03495526804141713,0
a00022231,0.6435619775074501,1
a00022232,0.0,0
a00022233,0.6706603963309853,1
a00022234,0.41441304246290167,0
a00022235,0.0,0
a00022236,0.5493191976805804,1
a00022237,0.0012184438444829665,0
a00022238,0.3085918197066506,0
a00022239,0.6747585726793808,1
a00022240,0.6385761639459396,1
a00022241,0.5605264242663112,1
a00022242,0.010918281713541358,0
a00022243,0.6278464368911317,1
a00022244,0.40816517868249413,0
a00022245,0.24333328910234694,0
a00022246,0.6877608193784357,1
a00022247,0.001908051677540777,0
a00022248,0.4380299286737387,0
a00022249,0.4761962750251098,0
a00022250,0.6405886171129477,1
a00022251,0.6187378262703848,1
a00022252,0.5740476936689475,1
a00022253,0.4359718042854338,0
a00022254,0.5915843724897805,1
a00022255,0.6519955754356385,1
a00022256,0.020229096228741524,0
a00022257,0.6956418488055823,1
a00022258,0.6331226124561127,1
a00022259,0.6572293132366922,1
a00022260,0.6072086036525897,1
a00022261,0.585283983888903,1
a00022262,0.0052675646159446666,0
a00022263,0.6975463140969392,1
a00022264,0.5724202074701221,1
a00022265,0.414861576877056,0
a00022266,0.6527110345281472,1
a00022267,0.6924296828344327,1
a00022268,0.6988256131509649,1
a00022269,0.7033388425780671,1
a00022270,0.2380996135521308,0
a00022271,0.0,0
a00022272,0.0,0
a00022273,0.002400208117509514,0
a00022274,0.6980328166228199,1
a00022275,0.7114373357852659,1
a00022276,0.6354744975462093,1
a00022277,4.210409925743194e-05,0
a00022278,0.08428307772195087,0
a00022279,0.6497143690046114,1
a00022280,0.1663340977868012,0
a00022281,0.5558151230538726,1
a00022282,0.621873605130792,1
a00022283,0.11385163078523398,0
a00022284,0.012135666500775456,0
a00022285,0.6558074239528228,1
a00022286,0.10133467762719146,0
a00022287,0.6491709489145912,1
a00022288,0.6617181928160195,1
a00022289,0.13250236330535922,0
a00022290,0.5722704700351658,1
a00022291,0.7053147942077689,1
a00022292,0.6268447845667919,1
a00022293,0.570404662294602,1
a00022294,0.17418850703287572,0
a00022295,0.5908705035513454,1
a00022296,0.12311283174879531,0
a00022297,0.7184203569337361,1
a00022298,0.26022876627961244,0
a00022299,0.5495451893042945,1
a00022300,0.0,0
a00022301,0.0,0
a00022302,0.6718349585134982,1
a00022303,4.210409925743194e-05,0
a00022304,0.5124494029858283,1
a00022305,0.450981763441378,0
a00022306,0.3894035945789517,0
a00022307,0.07582686048137184,0
a00022308,0.694525776307352,1
a00022309,0.6711457866023346,1
a00022310,0.15213511014986666,0
a00022311,0.0,0
a00022312,0.5220717978070405,1
a00022313,0.6003402701027017,1
a00022314,0.0024276422602513715,0
a00022315,0.5787964049356458,1
a00022316,0.641820672066189,1
a00022317,0.0032736146518256752,0
a00022318,0.0,0
a00022319,0.006999158279379661,0
a00022320,0.6369485620353784,1
a00022321,0.4819816936365775,0
a00022322,0.656052555603053,1
a00022323,0.6494126857859709,1
a00022324,0.0016373911148942371,0
a00022325,0.5853435693370791,1
a00022326,0.0,0
a00022327,0.7280753147644249,1
a00022328,0.6564148694047681,1
a00022329,0.6975768092365915,1
a00022330,0.40636790085238117,0
a00022331,0.020413477117776146,0
a00022332,0.6264266008103803,1
a00022333,0.014942786172202713,0
a00022334,0.6579744634681086,1
a00022335,0.6543344439565218,1
a00022336,0.486128502698471,0
a00022337,0.5948389599582291,1
a00022338,0.48280542645605684,0
a00022339,0.0,0
a00022340,0.6238838139566861,1
a00022341,0.6488830929766266,1
a00022342,0.32545534654402636,0
a00022343,0.6517955255860269,1
a00022344,0.004822357878646696,0
a00022345,0.005974560054175809,0
a00022346,0.673963496032964,1
a00022347,0.704765376547634,1
a00022348,0.21790992955355282,0
a00022349,0.32241835155553483,0
a00022350,0.6892999816193385,1
a00022351,0.272963886067876,0
a00022352,0.7317681178183385,1
a00022353,0.6424915069674529,1
a00022354,0.353485996536428,0
a00022355,0.6428753499150085,1
a00022356,0.5484193759338382,1
a00022357,0.5369626073330306,1
a00022358,0.5999444162824833,1
a00022359,0.6748509747960212,1
a00022360,0.7107811914712802,1
a00022361,0.5698013321160351,1
a00022362,0.0,0
a00022363,0.6513418582393017,1
a00022364,0.0,0
a00022365,0.05582818223602628,0
a00022366,0.4969206863483726,0
a00022367,0.5075944946506423,1
a00022368,0.6788586029690558,1
a00022369,0.0,0
a00022370,0.00381164767351036,0
a00022371,0.7192216024445836,1
a00022372,0.4612279330926674,0
a00022373,0.6674559134158606,1
a00022374,0.011504163309119006,0
a00022375,0.0023080862369669547,0
a00022376,0.32696717905701583,0
a00022377,0.0,0
a00022378,0.5762589164165451,1
a00022379,0.03443388489391198,0
a00022380,0.0011551468880631707,0
a00022381,0.07186237507684767,0
a00022382,0.5334606404104402,1
a00022383,0.530568409966601,1
a00022384,0.6296616205024363,1
a00022385,0.0017259644404472795,0
a00022386,0.16822682721304205,0
a00022387,0.0012491860894773333,0
a00022388,0.6772006328505367,1
a00022389,0.014391817175439317,0
a00022390,0.20661344237080306,0
a00022391,0.08416982971490038,0
a00022392,0.10479743554460295,0
a00022393,0.5070926422954771,1
a00022394,0.18999170972185656,0
a00022395,0.5935320089152828,1
a00022396,0.6451201667695343,1
a00022397,0.0,0
a00022398,0.6929511995468066,1
a00022399,0.0,0
a00022400,0.4812379496963928,0
a00022401,0.6443205925361947,1
a00022402,0.3617606752281967,0
a00022403,0.6256757253733115,1
a00022404,0.014544204121941151,0
a00022405,0.13562826048026103,0
a00022406,0.40924697831212936,0
a00022407,0.10427957124810845,0
a00022408,0.4753538874731629,0
a00022409,0.24878872060292107,0
a00022410,0.11920382780769052,0
a00022411,0.6332839125818258,1
a00022412,0.0,0
a00022413,0.5940058044829758,1
a00022414,0.6594235227311569,1
a00022415,0.7209672308096517,1
a00022416,0.5686069074640314,1
a00022417,0.5410114758996731,1
a00022418,0.0,0
a00022419,0.4033647201125185,0
a00022420,0.4162501971495432,0
a00022421,0.638360277609828,1
a00022422,0.6371686516526764,1
a00022423,0.0,0
a00022424,0.0,0
a00022425,0.0,0
a00022426,0.7343514537523896,1
a00022427,0.6432859892476505,1
a00022428,0.5472824266588202,1
a00022429,0.3341288442913,0
a00022430,0.7057957607810867,1
a00022431,0.5448830862355792,1
a00022432,0.7083855299711224,1
a00022433,0.057054752753853216,0
a00022434,0.0,0
a00022435,0.41772570316022395,0
a00022436,0.6496770674955061,1
a00022437,0.6886944393286918,1
a00022438,0.4569822540731737,0
a00022439,0.0,0
a00022440,0.03598288161293524,0
a00022441,0.06222578497810446,0
a00022442,0.5030942207984836,1
a00022443,0.00028143127349110136,0
a00022444,0.5420979135423588,1
a00022445,0.008165914221218961,0
a00022446,0.40726582610914747,0
a00022447,0.0,0
a00022448,0.6688738875060585,1
a00022449,0.577694616034909,1
a00022450,0.6817567511827382,1
a00022451,0.6308774643120951,1
a00022452,0.5814540345802094,1
a00022453,0.4655279633099344,0
a00022454,0.6539924229719588,1
a00022455,0.40905478137279266,0
a00022456,0.0028760127726262692,0
a00022457,0.0012605479437403982,0
a00022458,0.43828592372470565,0
a00022459,0.42758497983901056,0
